student_id,hours_studied,sleep_hours,attendance_percent,previous_scores,exam_score
S149,9.114557055860873,7.581791972509231,85.59620759651156,54,45.19516488275645
S045,3.8068856116783856,4.563692567425011,58.875921033764506,97,47.797387929728885
S024,10.443512375276159,6.909340212467848,74.64730423527587,95,29.884228445814138
S055,14.99903233197194,9.92356781190689,84.50046661479212,61,38.46397090968501
S185,-1.7216053647505558,9.533755845060538,49.31156402143099,58,40.70576423026098
S167,6.368018418967569,4.380998907238604,64.25165791280882,52,28.581630895953833
S171,4.748614022605793,8.361559647427509,61.28889436920125,85,52.023026231580246
S108,11.001452347923887,6.994170306947949,62.72523470323114,63,45.253817496802945
S062,7.301291691050846,6.924916416335657,74.38483717050381,59,18.106546923486516
S144,9.463747026626983,7.027242736914733,75.74387603842399,83,49.02325508515468
S082,6.787991605556252,6.171052969218865,37.27256559413542,64,38.170408334756864
S066,3.652352723923889,9.594584990323106,42.34188006914134,79,51.341206296050075
S125,4.176504962441847,5.499052142956816,101.73797204958913,95,44.4569967153756
S092,13.921193353947663,8.261270819232239,88.13532303470332,88,47.985346638850324
S004,9.17148979770462,9.273938205604761,59.90728634820074,77,48.04801757533093
S135,6.9157350505785855,10.734021510518149,68.56636681810099,58,51.09046457279752
S062,4.713305037066619,6.896211448245826,87.69034765722618,85,23.385944734118763
S120,7.1715522025168035,7.463892202492204,90.88788360862927,67,48.64070699304675
S163,6.493262552022706,6.29186221895215,67.39999253395247,83,41.96990481366449
S167,8.138449558009565,9.695590116665958,86.94607170276296,89,45.40528576631708
S162,13.181091680565922,6.854276935779664,78.72535850012483,63,39.713727660458886
S039,5.7850259404797315,6.544517461745512,83.14364969268783,85,46.14920480675795
S139,5.846953014167119,5.350419926309968,46.936190627806425,55,31.061140369696453
S173,3.501788932915821,4.17306933125967,89.36839887285113,66,49.52063929807504
S108,15.285807932559646,5.197634178983069,99.60729449925529,56,30.924325309100478
S035,3.0819735450491326,9.459193894814405,79.89695151009832,60,25.7321012008659
S046,1.3627941378549213,4.348918324809126,98.08213084605275,80,60.667367776530156
S016,4.376842569232544,9.42786425301431,56.62488922800941,66,30.501351311784468
S095,8.06832459565112,7.596802432632429,85.47318097286856,96,30.497915222660893
S068,3.6533332584980203,7.321088429661575,67.5431322823045,35,37.348406562344216
S083,5.532115637934565,7.9680961490077715,95.5946774336461,110,52.763224002225414
S068,9.26068652283684,8.473132834988052,80.51560496831083,44,29.366496369079538
S124,13.392466914236746,5.883044322169831,108.44493299928833,55,43.93470976516845
S025,9.694423145142196,5.67664418838865,100.58831805887804,56,39.89695176901607
S091,12.974791620915084,7.963990803805088,72.26217300329904,42,53.54193791707768
S059,5.534781865225022,8.500384721524489,66.10372195745128,75,37.301836652657045
S182,14.20261796380144,8.456299531300683,88.4666737835293,104,48.598099813650975
S082,6.53728170036097,8.961825085622513,70.62109292782947,44,25.095383153850797
S092,8.898585898422416,5.693009546803408,44.08876745715436,81,17.585579883129878
S163,11.290684756553127,9.27124357107957,85.30464707939548,30,46.75202700249447
S038,3.835360475645491,9.757853230004379,53.672258846405484,62,45.934837170565594
S092,2.264046097481786,10.746533064884053,53.129062437956144,55,36.03780485014792
S101,11.78820621530164,7.338006403978651,97.50043041932359,41,36.85272596932013
S019,4.226858304934299,7.867156885348707,88.12921722080188,99,46.71621381547507
S064,6.741021313758235,6.898620434622067,82.27877531351787,76,38.985114037519736
S090,3.554428959243141,6.6403122383305035,39.78941620052935,94,35.87235130001098
S182,8.888239319901972,9.657587401998592,71.88096077196016,74,31.135677976112607
S056,6.862816441175186,7.17875853340239,45.73905467984211,50,37.03985758051015
S050,3.3250596041642733,3.2338541394005516,78.99463600250643,52,9.24524030565668
S115,7.147725476760475,9.785727081903307,46.743774009581585,66,17.751398115504735
S047,-0.4488205566915142,9.70814337316468,65.1516868395325,98,55.23697746809509
S082,12.506531259873446,6.161339664545878,52.81219723228916,46,47.43275429684788
S002,14.415373808816184,5.2089964709658485,89.75290310126857,56,32.95793915923672
S097,12.835835371565466,7.111571413295852,50.35802459780447,107,21.10962859155393
S020,14.20365802749604,8.385694848248061,68.48755140841655,39,49.13287461278588
S075,6.545438784832234,7.480957657197464,84.86901830963558,89,56.45680866378662
S111,6.569659364076668,5.582635326442409,54.894517818482036,61,24.6767249554762
S134,8.277419309847238,4.549661620139245,57.655475347779685,74,40.5437829078669
S169,13.091599442473584,7.93567999074514,47.61341137212253,105,47.99326501187365
S012,7.841496246285056,6.917986180316008,70.6605648324153,79,25.974353780024234
S135,7.800727456470247,8.546885388904125,63.53732884220659,59,16.413593034722773
S025,3.5798272120996906,5.59956364880521,54.63898001234021,103,21.776884813441114
S146,8.136197468760157,7.567683872666128,55.349486183726455,73,22.191064727146866
S009,0.8740453133381876,7.289433981956772,75.68483084626452,55,45.289072727606616
S110,1.6766614970390745,6.746902814621341,63.40856955854923,82,29.89599217570508
S141,2.0474903124627755,7.4940023769895285,82.37324690067723,63,51.42360195720614
S120,10.62437139859432,7.737779832008387,88.84971215972763,99,33.77390554451345
S136,11.318999097274409,7.321569316279079,62.8527416951258,44,52.388125585750785
S026,4.788899572475794,8.482870648809273,83.54003491650678,94,17.389792944556046
S006,4.266990320131876,9.900315397683034,56.26246978649165,64,55.28664833980251
S173,15.37421948684942,6.267360752688753,79.54892400042968,99,44.0187455046125
S088,13.436578462177696,6.4270594986407605,75.19677132092795,47,51.59217358178141
S084,16.007084547534518,9.769113903289828,70.29132262258963,67,37.875086738956476
S184,13.994563187793208,9.390204300614053,78.08081460474712,85,38.10231424013512
S045,4.926741888457656,4.905836109923796,59.29529468338347,95,17.189262257721275
S122,3.3262547589688527,8.876364703643764,96.38867678023945,34,16.347460211430075
S005,10.687754235721194,5.361399658911169,76.8614792060015,56,46.144131441550186
S022,15.10277419840322,6.255246831817352,68.83241626226315,72,39.079463624881235
S011,15.075930447288265,6.825047307303917,38.49813584632126,25,16.39866354142175
S170,15.882720891409239,7.460556397674933,74.3572844335381,73,37.80424220450037
S182,7.681546700429635,9.399593590689289,108.00012513566828,57,26.928205105721826
S100,10.229443107410027,10.063123450670577,47.28710167084008,58,42.98774039632549
S161,15.502582806628586,7.300062447250617,100.31542185148967,65,20.17475317398491
S032,4.536106821658843,6.963802557764041,71.5683676414847,65,33.72338505559967
S180,9.061088764943976,10.461863880734114,46.31958775696018,58,38.59410845754808
S164,12.38578657197161,4.8939493110804335,77.16637853056697,101,47.512369037293915
S053,0.5025368634672485,10.034197717342536,67.85053016578051,61,43.991788284852824
S054,12.769643285938264,6.703306435581556,36.43659552825068,43,7.477143391136607
S117,6.748956134061427,6.575112616065814,70.95288766498447,79,48.851699300017344
S144,12.36075868138067,8.566129825775155,74.0552846351419,103,26.133865842818025
S163,7.97092328480295,8.554493421760137,68.74671959117109,82,34.74888412501863
S061,1.0697972893990202,4.7603375549271485,89.73654966436563,91,39.39947287546692
S091,13.369006440253674,6.940905983449822,67.91516884541497,35,32.76782626963422
S157,8.021466342343805,7.415844166500104,90.8353273365898,46,50.10606826055458
S175,13.360433235839206,8.498293213240384,42.0600821900949,90,43.79285504173195
S043,10.796799505957594,10.083683882478567,55.95651615947002,79,35.41684006566029
S086,7.36993087387372,6.609216547122866,95.04499588190247,89,17.42033086667425
S010,1.5636532986808862,3.859541312022351,64.29817404550906,56,53.077367244126066
S105,6.305709062658999,6.602464276784059,82.48554018253618,66,39.161558427087265
S184,7.263064785685599,8.628907128240265,35.18237221716137,92,43.77623711745046
S013,7.196453207129128,5.135058461236236,104.90170254344842,69,51.088652317530475
S052,5.623788373239455,5.617721683916705,87.08705871358295,62,49.45924138691784
S174,7.5799028086175255,10.647108961506465,64.15065286073244,100,30.590421545597835
S110,8.950399536551501,7.400069008706975,45.69853370389034,106,22.574042751401933
S146,3.96458082216933,9.100985468644883,89.08921934880236,37,59.40908649732984
S168,12.093650770276659,8.557179276888945,68.82795265871516,63,48.96313142205597
S122,3.5029083444715945,7.7179959081227345,49.7790446789281,104,38.443493846239875
S124,12.308133678370105,7.2316944068785505,71.48923800299673,74,48.510593362195024
S066,8.961768294681033,7.300772613530589,33.36437243758978,78,47.35327415692922
S166,14.743642377361708,6.046031336394394,63.64626589164099,44,20.779989628283705
S134,-0.3244235181366637,7.225987098675157,79.82491274001714,79,39.45140443640141
S113,7.614765890149359,9.416770662616269,74.45244041793536,33,31.546843010140122
S158,7.893130652397753,3.997126451692283,47.17771386769509,109,28.42968534113968
S010,12.73209330241392,7.01682462479323,33.66078693381833,80,43.38647444280366
S200,14.689931942170396,9.732837986148498,68.40935612070002,79,37.29621924340315
S034,13.688139263122117,6.578560358186964,70.95201811419125,63,26.928498171704113
S014,0.5949998034002171,6.471841033675522,90.47361886486676,58,33.86748079573749
S017,3.512288231604126,5.826846674307356,59.25197174528838,47,36.57636737706744
S040,12.696808126071957,3.6203967557094603,43.94521302601399,72,42.561517373533235
S168,13.096113470052732,3.962604447227686,78.21197087816805,68,19.125842525812434
S128,7.6730934802777995,10.096014361794076,113.21362002247326,51,54.95301084684898
S143,8.772797678026071,9.913523085020454,73.41335660881431,57,25.96317082305668
S158,8.739672039021944,6.617499907610009,64.07553269285542,105,30.214922077520132
S032,5.730798236341087,7.397004222027,70.88703805405916,66,41.3973661440417
S178,3.5562561552021434,8.490830954945144,40.51829728964398,86,48.57812563713156
S131,11.868650088181703,7.57660207039119,78.37319199543836,90,46.84710862456163
S127,5.133756536928384,10.480617403024077,90.74346052609687,71,16.490087570034643
S151,7.2053254276863345,7.01957049491129,53.89559881668928,77,23.772214008902324
S074,10.03677307921124,8.516209857860567,53.37932540294154,93,40.44694058452816
S009,6.58211469043296,5.923129815701627,89.06686664648784,73,52.519175940087734
S148,7.982238651005316,7.314941100640201,82.1216539065145,73,34.34933336009673
S162,7.895937878492953,10.731206982361106,53.81979175943503,105,49.46045206029194
S020,2.4656823942297432,8.518181289608727,71.75807038715597,86,27.02257873722042
S184,2.6928991444968724,9.308815638063951,82.01125023467982,26,49.19311149628663
S029,3.5118069311362032,6.705818714727713,76.81373742333146,76,35.798736202475034
S068,6.7387810990937655,7.75893401483827,47.56342592730173,56,55.538757026411176
S104,6.934536229341223,7.7917736899531915,73.965932858647,86,52.540277656868966
S041,2.6252575195788785,6.339184262879827,57.99811889049739,64,22.602319352799285
S116,1.9630767617705853,8.686312720447757,94.18958620084679,72,34.17600641728509
S020,7.426735548484025,2.6614690665964007,93.25073523603646,90,36.26789466415212
S115,1.589374948436572,6.064350014623595,53.01069427956431,60,17.903298588303933
S047,17.063662149499596,9.832729409479377,48.78069111043277,82,28.396121470559343
S144,7.236539855185472,6.642377424685135,60.89828690606132,60,23.897912627401254
S142,5.687933396744555,8.70939229030533,106.23846973274091,69,21.26602790392269
S150,11.907975075958682,6.662065861237815,79.3128669982745,45,22.593234994411354
S006,3.253022930375833,8.774534039684795,68.62258058915923,48,19.150238649078855
S084,2.4998042923560226,6.252715073385471,83.50237433834918,61,31.31768220214496
S056,10.590800768669885,6.285895701576806,93.79444960400174,106,40.30573307722832
S052,7.840697717302789,9.384369751553383,78.85387565095756,97,50.12386367086431
S144,3.825288461979176,8.086294522858179,110.84998953731368,66,41.95214545288781
S160,2.6204132559168927,6.4646883862808435,72.77075048510304,98,20.44029463790456
S051,3.7087910606311314,7.4300891325595515,82.08690082646129,64,25.53345808682442
S138,10.33362955147643,7.556364898701575,38.089174919562126,40,49.84783324647756
S139,6.02452370190709,8.549808516365381,56.11802036336999,96,21.53503073347254
S167,11.02733326078206,8.6337770868494,53.34698775430854,89,42.17748721882013
S105,7.01075696356542,6.718840022796091,75.74730713397066,56,34.08052903935476
S057,8.439912738114014,7.731204245637269,86.9761857600478,75,45.95218506092974
S165,3.2584361089418605,6.989345751807543,54.26481582217115,53,46.534605915579775
S101,8.599357584428619,6.080329469938406,75.02977073047602,31,50.62161565239999
S149,2.963399081554066,10.10619462061217,33.611546206023405,55,29.747252380308524
S120,6.53202305266009,10.586288961448462,66.57408351020837,62,53.035928746315165
S140,5.966966882671205,8.04990168427648,69.3639406817706,66,40.530272174769934
S142,4.936934701595459,8.283157541078982,57.279441442482764,76,38.003461096274904
S007,5.835004769695702,4.031580403252711,48.722501413932314,97,33.636086721724716
S148,8.754467164111585,8.044992040499299,85.62790949385237,52,46.005866553376634
S038,9.294576545919531,7.584697474061503,79.18288486848687,38,27.547891963108714
S084,0.7942850251008964,7.464076569816242,65.1087688353758,53,34.33725896706539
S157,4.875111192830937,6.023554165810532,36.94592110307889,49,51.24050466221587
S047,2.081242799673289,8.271717477859324,63.75490347999828,53,27.982382866394467
S159,6.190421858194645,3.984563172280282,81.15128027825723,75,13.466007982267818
S179,13.316818103403715,9.52956423200004,69.3534882150992,57,59.22020337052298
S188,5.9515807242062095,9.653075340970123,77.39262698701312,37,39.96678276142818
S019,0.4981007782914313,3.2356826997292862,47.43327164709048,54,34.80635256046989
S167,15.621630424205858,5.725578897689386,93.7068826690499,105,44.78255659841404
S008,8.191351947145037,9.243553903600588,99.83583468739243,48,42.875703047195884
S095,8.200500124370826,6.8986331898667865,62.06973977783066,72,30.415493344377772
S126,5.0941354999638655,9.229990376353529,50.24645971002063,55,27.904832674759703
S130,11.342113591849536,3.7157909262466804,65.270786161671,92,22.58914366466557
S135,8.606092433753469,8.398726901931804,60.96717132109177,25,26.336761192743033
S126,7.400795146608958,6.589792403422111,75.69631091916106,42,41.33191648642381
S115,6.380628837019453,8.392313278518055,70.94979561511076,86,57.737102415238745
S128,2.835561753094577,4.0270238468320665,94.1684516639045,46,36.132817295623596
S192,14.420004973450855,4.531019221066088,61.75618593992532,108,28.938323083598572
S128,4.639619867233442,5.1046489583533585,93.19628123001459,60,36.902506734852935
S048,12.953530750852178,7.97318196055306,79.6169987792386,61,22.207742517423924
S190,0.6664467689394593,4.195437723228299,70.35641307819765,63,39.806878497051
S020,3.53089127642318,8.221248483943828,84.19566381813449,63,23.79656682150823
S017,8.848516711036691,8.921622491996942,94.20702736903654,58,31.747103141810168
S016,0.48995499856522384,7.824342066858927,66.97646349648417,104,31.214297026151996
S061,2.695507471294381,7.853367978916155,59.98670024216171,57,41.52782058341424
S130,11.86285180393334,7.516274310968919,83.23878976645891,69,32.98083941072639
S178,8.905453861485197,3.2358562057172526,86.89877582333793,111,30.073940905259175
S037,6.592231732225606,9.66551483112405,56.57911718858402,69,30.1591549996485
S041,0.04035482518099398,6.571959554371141,73.60307876108732,45,28.382170175006166
S015,7.4988591798242705,6.717857553469631,94.85560371650016,97,36.26527118374364
S044,6.379000100630575,9.8910975801934,74.87318800643689,87,39.466956457537755
S159,6.621759008263751,6.887353220199703,87.01426253504148,99,27.886552935911403
S062,9.022513519791486,10.226947901693515,99.01925455446448,112,29.051311936907567
S019,3.076745241731977,5.798879907130043,70.98616025210589,55,46.066733470160244
S007,9.980773773278688,8.651638631612077,105.14202722873891,65,53.43733931675054
S011,10.578035899742373,4.256827708282787,78.89287512890226,87,28.230013081506463
S028,0.8873596916984963,9.643710651495168,91.56896497319926,108,23.759126718213018
S115,15.107629245958524,9.707253178952286,113.87545521718317,79,51.44647435003515
S063,4.367129529835077,7.099003067209598,41.57720690963386,47,22.33773771904605
S192,11.953155735694692,6.674943772498608,74.06221059859324,64,24.117138513016126
S047,5.643861431373049,6.4079048966139105,74.48248494683736,35,21.848047904086904
S173,7.1532234095861815,8.62370044319903,57.784220562507116,108,25.10438876997729
S102,10.244960815224026,3.465501983934492,64.24794776207025,105,34.24824652377213
S145,9.506303044982333,9.96334433045176,65.53418154087699,70,53.49613776243655
S160,8.678711789670878,8.989105871005375,75.13696186198402,55,36.99857729375257
S079,5.081950134874495,6.765255411143156,83.54125540442806,90,37.31854908993375
S130,8.830304066389981,10.618215602202586,78.61792296633978,84,30.244902893835462
S050,6.942012764882011,10.269162348871424,53.54895444106055,75,47.15083802299459
S082,0.7695437707640496,10.128529039201755,56.70889435474577,49,58.76890096277502
S198,10.131494211550196,6.417244650470364,46.54137076457303,82,40.57345891742694
S088,10.71010049069629,8.04880469412585,79.19475658996441,63,26.697610757684814
S103,15.011490896945798,6.122842743023798,79.03213626163296,82,44.287631718255156
S071,15.882042809037184,7.546101464247957,87.17421748585816,60,21.606872630435888
S007,5.675654148218028,9.540187667431374,68.82153633207177,78,32.65853356401868
S073,13.95842687849136,10.120822375314503,37.55474391610696,85,54.43344569806429
S144,15.085459641220385,6.118684052699735,48.72909448982419,82,35.827099240731
S080,14.623954284593758,9.172486061662752,59.0686692528663,52,45.85737478293341
S166,15.928358999686674,9.55774207049872,56.98416525985857,93,20.443274728162194
S182,8.952002234437181,4.854263141864556,95.81340579381398,55,16.443886808532728
S106,8.333747067478923,5.88736748440361,45.31787963297283,101,35.43621266365066
S180,12.703114161669863,3.6694104622500885,54.15743485545603,61,18.439370835822515
S194,12.965772990134786,8.967343119153174,86.65826666865644,64,13.534776141734405
S090,13.371951870407862,5.844191835094248,46.0416780046082,38,32.88946692729212
S032,4.9644377580174925,8.554854062902173,76.21618808528123,83,42.36943221624666
S089,2.5870102236592283,8.170003460984587,47.733262306814915,64,30.304429781302055
S101,15.363764059990366,7.875984784117593,70.38203590920273,85,39.102951488914776
S005,3.8229310089810045,6.404581986535078,109.51625909706905,59,30.979882257024308
S023,5.9589034467639905,5.204997363445448,55.617912445063155,50,21.44561887425742
S061,5.3319739895863965,5.881394710170326,64.08968778521402,67,16.643237653476337
S186,8.853357459802305,8.04857725288831,67.30801386244937,86,36.05296153308641
S172,12.588744469084103,7.17911927563681,108.10260464409838,68,25.01631116496096
S126,15.058528509640624,8.35966636145236,70.2481658152124,112,57.958129963813946
S023,-0.6934922974242741,10.33642788910711,84.6942187209831,64,47.75466794179159
S194,7.1194416997643,8.014506347451245,60.52971534577955,48,13.897073465732326
S076,7.015483419451018,9.974429781617737,65.26591958332855,69,45.87509073718237
S156,4.180374479467126,6.860667696182001,61.672362236908846,102,30.21770817679933
S117,6.978280687666882,6.705517837497512,53.41374122105286,106,36.364299388504676
S182,7.67494072039702,7.047916582726672,84.15756992293197,95,32.18912476067699
S095,3.9597210555137785,6.522938232845485,52.11538653065264,101,47.27853987460501
S057,9.163619740347984,5.232338508194445,80.97636184705837,59,37.28506796827696
S128,11.068397592135495,4.3395888114439565,78.74807664939684,94,27.62519859180646
S020,0.14682606453151203,9.893507524500471,63.57063190702288,86,30.00576130735575
S009,7.132762015417077,9.355856375499197,85.40881431550532,89,52.539977298461245
S054,8.286918235635063,8.460224470196057,66.39810132180742,64,15.935193763035251
S026,0.7375209838359216,8.283373772694274,76.7530225369157,52,46.195764655060124
S175,6.587642680801787,8.153107192563787,79.16998404889692,64,48.68388789760492
S001,0.19061359648570564,6.850879126475441,34.58657576988853,99,33.162039360361796
S118,11.78192001743088,7.569447021465422,69.62158138618088,50,22.56880163741598
S121,6.953996066891936,5.466673583841052,77.85472437712015,38,15.868716774303028
S143,15.484143639247367,9.748119988785438,48.74533179386721,93,35.05064580588161
S027,2.815193428769849,6.565478143056181,66.45456142965966,75,38.23477117084541
S170,6.010563086369677,7.349489432047364,69.49475418391606,109,38.06044440775704
S178,16.05328236311354,9.620226131979441,93.80062285958469,54,33.8417902188639
S162,7.800288096827588,7.403351634159697,67.17973985800582,32,42.128483995334925
S029,16.16587516213932,9.681836277711893,61.88183880755801,84,34.638429903052405
S068,10.653000072825485,6.603525669225918,36.48724199265383,56,53.40784690883883
S196,5.162643165455336,8.573524821090817,81.62999678898002,80,41.23200810345513
S073,7.40677993741707,9.759635630374172,85.14171207489316,83,38.87241797952524
S084,14.082970491141452,9.319064760272425,60.432622933326314,72,53.619722420355046
S071,5.328892704436014,5.766121601472744,108.78520250981227,45,31.09004533764453
S148,6.783847004332554,8.308816006151313,84.73008540148837,69,27.380030930979608
S167,4.577176557985643,9.980114074967398,54.14352966654384,89,35.92349474701604
S114,6.929965870437582,6.534744585689657,76.31344356354498,102,44.86663052011174
S040,15.689300217785092,9.121001486425094,98.60521883141209,82,28.032636089698855
S084,5.393078361286445,3.8511939389412877,81.06893726355213,55,57.54650866730119
S185,0.1201980499724522,6.172739626659251,76.31869462701859,79,47.16353051432249
S118,6.728798660669458,10.048696341756408,81.82655135462738,33,50.20500691734274
S034,2.481553426389047,6.617470917311536,68.56346118526058,31,24.78036394489837
S169,11.844318643511603,4.130865156393431,75.99175887549339,50,31.85365511409011
S055,16.32115166507845,8.384069425314634,71.45167479867699,57,51.5114100943614
S194,13.268024851856563,5.679514319389451,66.19020171230984,111,42.886918992434346
S039,4.534632888803571,7.590945377296614,45.24778873066812,64,40.58650036253834
S007,9.789024539364654,6.575150136705411,83.62994636740501,47,45.16418934056266
S052,7.883808361060861,6.514902206620605,86.08751943400495,83,47.99340810620452
S093,2.469779126032915,8.999081643049388,55.323261301792414,83,33.263224026484025
S032,6.452345886517357,9.63979467490027,108.47731437331194,78,16.432438437683945
S163,3.672309332270438,5.593141379778151,87.39033856935279,67,43.454659657893494
S142,12.62392762282932,7.091327944707847,70.75281974095981,71,44.5819805251553
S075,13.868529856299899,6.809019629023046,76.08821453039886,66,53.03630780744159
S089,14.09099201781056,9.997433812085598,50.40176507200985,47,33.039572515334
S081,1.5831689934840132,5.943146972381724,68.95205700223943,100,46.18011966576299
S018,8.355116786718968,6.719727747803253,69.60136449533846,90,25.847648501788424
S057,4.488706452350835,2.6999374647572933,39.575413250734684,58,21.793716771628358
S103,12.204520521001848,9.414507041582244,59.15908232044674,98,48.19224982210362
S003,8.853322578209054,7.66137100631576,51.84884251068785,61,41.92152218772158
S081,12.115028735336246,5.987413157693778,56.27960731360617,89,26.197225238247647
S166,5.853934713488748,7.656732284204059,41.917988659786886,52,42.03490202406215
S009,13.9043771636608,6.2947356388792635,85.74654695957398,86,58.66154004991388
S190,4.781964722102549,9.282489337681579,73.24795431265824,112,51.00913287442976
S070,13.702606161805981,10.122183547562017,73.81615767175563,76,46.88853881378604
S122,13.057876250980867,6.115499326661885,69.3428465482351,52,44.37068601137744
S118,8.305783311352242,8.79120053484089,57.551951121217705,62,50.21431143957101
S169,4.274657127342238,3.2309033808985363,58.473614436508726,53,36.97076966637063
S135,6.88134275285779,7.190980001879479,84.07512028179312,99,59.74898034853588
S124,11.073514544921796,6.698136675332281,68.68841207291688,79,38.870292518169634
S120,5.479221238927229,7.324664922298439,71.53308065501615,41,43.74564544714317
S030,12.077969991622261,9.753296357473538,46.19781178106682,29,25.2794006520389
S160,7.637497927606834,7.377072257307676,39.73581559681285,48,41.77731596339702
S138,7.40510973357352,9.4916366909142,69.82768941157609,72,26.08277749652098
S183,4.936666443577494,10.086423968670447,88.43235750975859,63,26.693028477833874
S165,5.788949192018594,10.798593970913421,71.07678803504946,47,39.89111944376342
S027,7.118250901543614,7.807920657469432,64.09079261524619,50,52.64300578239694
S097,3.705949184868168,6.567207610929603,80.32818356569247,69,54.6743795266707
S123,13.975514718792539,5.62285702739554,105.71703687864854,73,47.24842751202623
S176,5.677053493836665,9.052566365977542,76.80057478483783,29,40.59079158577573
S158,3.176963746759199,6.343027992358658,40.38685235680936,45,32.8330752921685
S086,7.101492522470874,6.83131378437621,71.15581497012234,66,43.35691780881623
S092,8.640118487558631,6.195840131672885,90.76537485748159,76,35.71811641842126
S135,2.4162322660737665,3.362938738758931,58.54419881854211,71,11.944539663409738
S148,12.382344490148546,9.042186010083556,82.13193385550468,105,36.90459456157791
S098,10.884035084505486,10.320944874873822,58.23096488658628,62,36.19543291442909
S078,13.525981902824718,6.740507573068767,79.78267686853331,32,33.22404197044871
S192,3.249456023661104,5.525147107311668,62.74218379220932,50,14.282111107168078
S050,6.0964669879886095,6.389261025326689,77.80047892264561,37,33.83620339120427
S076,8.150374238851496,7.216445647060205,102.37429930164902,35,37.401380730219806
S111,11.72889448126272,10.670748400787527,78.3318381634567,74,51.91447165986358
S036,2.4599667297567986,3.3315821582603506,85.94970679980489,71,29.846845384420018
S116,8.67870338597444,10.216937926584428,59.50608475884114,53,51.19792047783275
S058,6.2268616544872675,7.029340568857324,53.3916080027782,69,38.50399447746134
S115,14.268417343107009,7.315402659114616,50.72551819683567,80,19.398047367067875
S130,9.807962904055055,4.655259629632662,90.9597656691806,75,33.905745865844395
S051,6.674167921746489,7.271191219341787,72.21166297567252,100,55.561482634634515
S046,8.40810577659813,7.708708688543243,89.3623026600224,78,40.86596198403106
S016,4.549364424659924,8.72634484746023,85.0724989652929,96,41.74881312137977
S063,6.493349384925056,9.41270973452901,93.73206651695268,92,31.765245571555933
S110,16.587549668946775,7.682206022890826,65.67909581769774,90,30.227856522591026
S129,13.133816959799029,6.004114941849595,64.7687170600853,37,35.299207399774474
S077,3.560019787499943,6.848754620896093,69.92290395220382,68,31.82726748825014
S103,16.258122954997454,8.169359684309207,69.34700288719176,89,51.37802539847927
S006,5.471500990316375,5.410543111738046,107.50403162002218,54,31.187827906953142
S176,9.289946593449928,6.628762137496011,38.34002376665216,112,40.42294132804524
S007,14.974191718971785,6.812297611811131,44.404268774934884,71,44.03092166405221
S045,9.287911986559626,6.713202644345851,52.812089757162816,44,28.08795299753463
S032,3.6922466560127396,7.647695976162037,67.55728951465456,64,34.46415788234865
S129,15.37380950715509,8.298472336283483,63.63599675709061,71,29.575362435450614
S196,7.9795275348319485,7.765818547698103,83.30046239771653,71,34.06042481096859
S168,8.58492430353037,8.734838913460559,59.31206674751307,98,30.655852168136512
S014,14.975304520999249,10.70482562784725,68.22475712903221,49,26.42525958235328
S070,11.938174709248988,9.59828770074754,70.24185172682503,86,48.98072412931387
S088,0.022391546817954744,7.527088040701029,43.87891323745784,71,33.34101696743008
S047,9.816014541560007,2.9263768523169134,69.2607883381679,95,48.35174259332519
S196,2.818740130987262,10.714590511473984,36.833580111727855,28,41.643787511942634
S064,0.5399347554831428,7.320575826981118,75.5742829065943,82,38.59155614081295
S172,12.263335367208471,6.199969557342339,87.6315216699335,100,41.73844754326938
S197,10.603125783230642,8.818704463215148,37.18351722087327,91,37.45490577228031
S187,3.3060735923847355,7.487629815544277,60.26078152884621,60,48.324582413239085
S198,6.743124228534375,8.112374725785699,79.56980141596122,68,37.52461484675182
S091,15.104562900134122,5.870362849903103,54.538369978584456,89,47.96850617879527
S046,6.381285216069337,9.109382321120682,90.27185349263296,80,24.33677589965246
S107,9.695698313139987,10.264135229921832,83.62998336666084,56,53.781801088743634
S006,7.364996612751729,8.107761880119197,57.19190088801597,88,47.86395317088058
S045,7.503680632389363,4.939386577247997,83.61656101088946,38,37.5873766444249
S055,0.43347817382340637,6.899711135128908,48.48163538919675,58,43.40199848551867
S029,3.06171016179818,9.002621934640741,80.27698552134453,53,48.75166934590217
S131,7.281919790049686,9.964243486964628,56.106079686612254,79,40.49612903830166
S134,5.6480492046769175,10.462273585898645,59.14378566623303,71,45.8240454850115
S175,13.258490934656074,6.933658225927664,60.444610692214205,97,13.909089864249701
S019,4.85543760315623,9.426165256910151,74.1343803092569,54,41.86415445278893
S130,-0.8300147715226429,5.324506257557584,90.40887250889489,66,56.069407865349845
S185,13.87225179177376,8.974395077845589,65.53528865685462,75,24.25213706309145
S168,14.66057756286433,4.20991862937619,39.94469778483575,78,31.64174019418451
S037,9.346276675770365,8.92363480280951,106.61568417107046,81,29.22678191809116
S126,8.722617166406565,8.43957935379379,83.02713888482657,95,30.335861524632847
S137,4.88556101311565,6.342525006107562,73.2500572109267,62,49.71706013615869
S168,7.877895931004707,10.392710953180226,77.44689277266099,58,33.07614060011971
S186,14.060566889545335,9.456415947475623,76.81349736036663,67,34.67178548360651
S066,6.758777529046441,6.543855038477693,75.59226713839601,60,37.58774825164128
S128,12.249732118145669,9.776711007626385,79.13021232079281,36,37.25065670199616
S099,3.003923746601211,10.837068761040452,39.998473392297804,75,45.132100939387165
S116,8.604446863327913,7.883941500760672,68.5060433123444,79,32.59964333818215
S013,2.992764651792016,8.356752607825783,112.03825951082771,47,46.7745349763266
S076,12.265517517194414,9.862265127951927,47.74001802205728,63,50.189098624130644
S054,9.339615863677182,7.1166061227652335,69.74943921778554,95,51.708262153327354
S176,3.945439501487392,8.395005169481875,53.60725066158003,97,39.733322277736434
S089,5.136701805073473,6.02234023712386,108.70838268781559,58,42.83513872617295
S183,6.865282165667093,4.441313926305424,70.55503281831614,41,40.55318013140363
S141,12.72692203204139,6.996686152723886,65.7532595992924,63,20.944356829623043
S179,0.9910511649314819,8.630779608875027,59.53010898449801,44,21.583372306883614
S162,2.8915768605767846,5.310008690755768,95.90817540668178,48,19.145517266233394
S081,14.541109102075485,7.754200376934687,85.33812004855226,74,26.257943902623943
S180,5.4250742448580755,8.64957990888634,100.33525064254279,63,51.66622445792309
S112,10.928682841487895,6.622347414741936,36.24223484667861,89,39.80280474778906
S118,4.86670027588794,10.046109895001225,55.32040750430055,73,18.103270021782674
S075,7.195568179470563,10.30178000128251,57.998877398579296,58,47.98431285531713
S106,8.05018947898264,3.472937101087714,87.98294440870143,107,40.683837214275115
S117,12.403678784875831,8.159670888784454,46.548003786972046,64,26.11073022210556
S086,1.846926247323279,6.8685110730003185,83.53113681047694,82,41.546249419601395
S014,12.388665640205229,10.211826305944651,99.9594206320642,60,49.930482598062596
S137,9.156927769443787,9.20336493632982,77.40774100316607,58,48.133297344357906
S092,8.98892328765171,7.660097152722778,61.53873395172437,73,37.439148439402516
S063,16.07987153006347,10.51532729533563,54.6515850375559,66,44.85967349843926
S005,1.8116543761652815,5.577977490853167,92.52956119684552,68,34.20183979114799
S123,6.837271488141757,8.433333544883816,96.70289319452118,52,43.96350233202082
S060,5.0897372650275345,8.914368881543862,77.40967245798923,79,30.3133244902765
S049,6.815093490270444,8.678458178602686,80.22850853434623,59,16.815419557456437
S103,15.089284071617826,8.289561738185373,90.55076324995571,80,13.321491121286162
S169,4.263791232733765,8.190837125510802,47.880648749318304,41,33.753035042500734
S045,6.189199889188499,6.6882120010902515,68.03306064653187,75,22.445579166712434
S142,7.109337396689413,8.395971451796253,82.1164459099981,73,15.963199367790455
S188,6.448761246189581,6.0465550926761775,84.98743349121928,92,26.642099625367806
S084,8.166036816383045,6.525622244135684,74.89009526131471,78,35.661772039274986
S031,13.866136785422107,8.996362956636192,51.04999986986304,66,22.696790025425106
S003,3.830186890613418,7.8019387048584266,72.72436117703168,80,54.68088670492038
S042,11.788540622702083,9.099245136216089,71.28530918185855,88,54.53942584314022
S056,11.045655291107755,9.660222135433878,63.57503623568923,51,29.677925890897285
S140,7.021570628554209,7.490331949137211,79.77958110801413,81,20.710795234488675
S181,10.571758557999802,5.8857624598707545,55.92602698789932,65,50.63561426257438
S021,7.291116630767339,2.819582952801439,61.78040790874716,66,53.48064933221563
S090,15.152232486136565,6.511363041177336,75.21135839462391,110,42.586648680428134
S040,4.504662549665602,7.740162167844661,66.99615474673338,67,31.76157638301241
S195,5.023917368425186,7.8741050630529035,61.57792318882012,51,25.170507004129526
S102,8.773949512764935,6.783154222614436,74.88405386756192,61,49.27737163487167
S139,3.6062825957033837,9.782238003457522,31.366472612028932,73,40.961072259304366
S002,4.762687191256893,8.022934865197852,65.46003250144565,31,46.088816303047544
S043,8.06590141025783,6.75431319101724,64.23210555157263,69,29.80125342834625
S031,5.111990422739357,9.062915719628052,102.4010717758273,93,39.09264212643437
S115,15.469493477750833,7.9917830404690235,68.94359640869943,110,58.86103207027215
S051,6.072848809630232,6.182931272000181,105.16927741482787,98,48.608921069693466
S050,2.147588053888893,6.58120135082017,82.37418647284778,76,49.69350722802439
S087,8.237684351083484,5.678862997920303,73.24520466141712,69,24.100763003804744
S175,4.578644089697471,9.047480534814639,78.55063677537615,111,54.775047548136726
S167,11.521529538599612,9.027708785448368,73.37081645310275,74,36.05224265011941
S155,11.705092680125373,5.479848680944099,40.42441348680389,101,56.45423830211554
S011,1.8828406574570842,8.477572831804546,84.92808703613181,62,47.51435894953604
S180,5.166271191429439,7.01551347681469,74.6359693852558,52,46.35146198565893
S084,12.554304285453147,4.455742491480279,109.78537201346286,57,22.15078075271562
S104,4.151373887746374,8.7539084940203,75.00868771148488,65,40.29594644709945
S088,15.152231541482891,7.366053648956139,43.772978904965385,77,26.818877021538057
S127,11.758540372525566,3.346595438614652,44.98999299576586,44,45.96962512638181
S164,15.427508817555923,9.104154007670651,102.43665100958239,89,52.41821334948385
S181,5.65351083041687,3.7331627313307383,85.72906317198827,50,50.403253891733954
S098,11.005350461307867,9.712109099672412,77.76744402155428,55,52.8434142139172
S011,14.90564528678348,9.554702753213462,86.1079162346582,102,26.82501146090082
S193,15.564777859842655,7.57560730076459,86.21060729121423,31,34.43700328449398
S189,12.676079590512847,9.113919897269888,94.23540064646059,105,38.31126020120511
S199,9.255822767062911,7.205707576489644,105.14847727622305,108,52.92005582494612
S135,13.924753281316505,10.116317813353778,79.619507808612,74,39.71739791981546
S032,-0.8665139058911389,6.911197329158941,35.553667392121575,55,27.914650281611134
S100,9.60983838650423,6.320716232732921,109.77320815685104,56,30.331791374143723
S047,7.618809557401095,5.2765930676068,93.56304595447061,91,24.792827753146046
S121,4.7463345661489145,7.027430318527707,112.10764576081827,97,24.92249822961596
S140,13.324706906231686,6.429253867427458,75.21494219944788,71,24.845277864515598
S107,7.8508196508642865,7.425488516330668,57.64000320956976,56,26.38827377707578
S140,13.749017469115232,7.4630941919418285,45.167783485735455,41,45.65429421541464
S077,9.108481432844842,6.182332290772836,82.04533778957656,62,41.71078195558711
S153,9.04941203372692,8.34619876740119,49.10898291935496,81,38.049719537964776
S186,9.06115193485249,9.560975814833041,80.3799872344613,103,45.17789160934872
S142,8.770264563214027,10.052132743823897,66.87387115140767,53,24.118632755320064
S139,15.240391817895498,3.1685865846916617,64.43191355404461,61,42.67833199249183
S068,8.434128578338049,9.699352636728248,62.68087654427034,70,40.90706291027985
S189,4.375494154450861,9.570056637158286,37.719019171162586,60,27.504515698101866
S180,9.498138887008846,8.436829756589162,65.20529463586031,74,56.1830958783862
S150,5.779726535870937,9.429382722780346,58.49943423953774,67,49.84217810011589
S143,0.4488785827843973,7.029614193377921,100.54714491231795,79,15.106868881082686
S060,7.455801934843686,3.525445411010417,81.40009292043281,97,31.890881967004866
S040,5.931571863047429,10.28689526633189,67.80955979162347,50,59.128714693294384
S091,6.281355017615061,8.904558637702483,60.04398462350149,66,45.97910042652338
S004,12.846494877061165,3.7684853695375846,75.54666560355442,109,36.96272270138641
S065,4.2650380641521215,6.297365254347325,60.68690804668878,71,36.970616228823204
S118,5.5026327252915515,8.480409262726523,77.13354820834599,74,37.64991029518481
S020,8.332187493140895,8.335395952798182,64.09251438451322,103,48.23360216158674
S116,8.398688137432819,9.66684637290877,76.80104593991837,76,32.980549206662516
S039,2.946961223504423,7.109430886715279,75.70116203677946,68,32.873398191187576
S178,6.40302813770966,4.577267820511825,80.28112428620202,62,19.69087972153828
S121,13.105853321754058,7.430190151601433,65.71523617677587,73,20.992882599468302
S025,5.921566597536286,6.773639368880518,83.0341199526427,51,30.59888256900069
S042,15.893686903578857,8.696941825905922,82.65987069822849,106,23.063172838583874
S016,7.152676217925383,9.029033285425573,64.2792959948272,95,39.13393035533784
S152,6.641812496338867,9.239308973997472,78.21224532834418,51,34.17545122882639
S007,1.761275707409644,6.418641759242355,70.11311887649266,104,17.920630524093518
S019,12.615310964345866,10.354418701336318,84.5950435036881,58,37.223363177379944
S008,12.628942789182295,5.336863712617182,93.54330006048436,97,37.198510933351315
S083,15.325269895119291,9.498527236746035,93.55789275432045,51,47.00085764249222
S187,15.142274419436646,2.4997618713805783,54.75728539764941,32,20.415685333288074
S017,8.667835995285635,7.77182037398178,75.453735761349,75,27.698686764101367
S036,14.28100296399996,8.473990335094125,49.35198893554418,76,56.99506907109327
S040,15.64718944632476,7.075529796295487,84.49087591919444,113,58.341371662716995
S050,5.932952469086714,3.9530561235332486,48.81004798874765,88,41.05473187929486
S167,-0.6334484586916962,8.876876743647381,68.97742590549541,80,48.844010329595
S113,7.88917233372525,8.61689407897522,89.1097269487427,57,35.676820765993924
S177,15.91530813685949,5.426703004055305,66.04229461124459,76,53.234074272118434
S064,5.793222187191921,8.606333516825273,78.57390417164488,70,46.217395738953584
S178,11.77936449308046,8.047083532332127,98.1873745267346,67,38.81837263840501
S008,15.390442496712447,5.669939107305401,82.67124342846355,73,39.83959526362803
S130,6.846457401183166,7.63838268273674,42.18493594925228,104,32.76062230658654
S109,8.438534960731115,8.259191542659243,59.45383999243352,61,27.916368944758332
S061,1.5102549600839161,5.56069872425142,72.51568062375908,88,39.42053986532136
S028,5.449718276030753,8.848959634930857,89.02246121683802,59,23.122500679090415
S072,5.089075071376922,10.11641182605671,48.88479646356282,37,29.722755835459743
S062,-0.9766840784494488,8.792246654791125,38.807203874238446,24,46.15468218605943
S008,4.183870730370023,7.892090731104544,108.83358067601336,35,13.453587826245933
S139,11.982062374269303,10.368884220109662,96.3596365795205,63,43.033982442198784
S120,9.24363592127734,10.198873221102332,35.38299498928049,67,42.56236060798298
S185,14.75449455876366,8.475994552400651,69.94431349730648,97,48.75023918359977
S140,4.7089515173641905,5.353700152323892,57.462176577522285,63,38.33119819906652
S032,11.861395384132116,8.533454970109513,59.5496239843941,69,36.37197282199736
S126,7.2167331427971675,7.98052047526938,68.76910342622266,52,21.119901450378496
S181,3.7105781624715606,5.420754384943866,46.58660542836672,94,57.482710693431386
S033,13.524747712800199,10.490162618837152,82.15404253988576,101,25.74914220107821
S051,1.5509515746871567,7.786506017829012,72.37113159660392,63,19.345274530134688
S091,15.023763837472796,10.343511398755275,80.53722891993014,69,54.459149689626905
S138,3.368983253186814,9.221081209517976,57.64169855835471,87,39.51666786251929
S027,1.550389016225779,8.797091509813729,81.57489318842863,46,55.9500669331521
S077,5.557025003755804,5.974778040124296,39.06574717948851,109,16.134681861724793
S117,3.1349455279605785,6.162662244030124,71.13386430478494,49,20.919233587122378
S182,4.947301618711453,6.888653485384809,67.74672583811494,69,35.93235032528293
S090,15.909752156278397,9.771814299293895,105.43565519636056,91,28.237797121076326
S104,2.3060854678848255,10.16375545266716,33.248883281033585,63,53.70061521397241
S126,6.235738614040222,5.584443042640318,68.6901477282096,79,49.101714582856246
S049,11.680211990358792,5.6292756868217815,66.00276381841907,31,30.248165738307303
S190,14.000570712830267,8.066194632120595,35.57269714723478,63,20.255248670222283
S194,13.580060491675486,5.965937919583212,69.45102012683873,104,21.648538633276978
S017,1.004147718874358,3.7719073895813597,101.41260059384813,83,41.367236026517006
S118,4.697052070015249,7.937354130744584,92.81943959431338,93,53.96267844209421
S156,11.163719450644521,5.525329828498884,59.65474308530318,61,20.098494116656962
S044,15.193316419053728,5.9384902342170305,63.22670977885582,79,52.160129241141235
S154,15.896330044557502,8.057308636947111,95.63046835934591,53,53.602308162857085
S076,15.515979412700297,9.315282578020318,79.08876800247167,76,44.18557013206253
S007,8.398859576752843,6.778413558314635,70.00416930503985,63,32.09751409088841
S181,5.846086911628296,5.661442252921663,84.55984451487012,76,46.9596838899446
S062,3.6371101866419298,9.158320597051198,52.774721701952764,47,36.207461376857985
S162,6.186384189228535,8.720725576515028,84.24253145459059,80,42.700457588365424
S055,0.5075048929401529,2.6444257661828923,109.51745431353575,93,49.27840103796616
S083,6.748064798029613,5.773597257492671,97.90537931248292,53,31.80874147224868
S168,7.325036036874176,3.728976417409971,76.876028912784,28,33.7832653538721
S125,7.914999927043418,10.402777628557619,79.984034312263,40,36.395356058878455
S026,11.129723800133299,6.000321328091782,103.69056796652343,60,37.319300966123315
S057,8.117818208843554,8.49221773376544,41.24769387892212,60,14.33959917617696
S058,7.20359131699922,6.835647207427387,57.120925455910424,66,42.706043377781015
S183,3.06047520496476,7.305215909097978,99.3284362598837,69,42.620725453440485
S199,5.157425738893912,8.629651730795977,54.05455547965209,110,38.12089071574269
S172,14.7513748400067,8.3062349093408,42.54650510083245,68,16.697318549666285
S183,14.587577322361753,7.7846414820907155,77.50683214869711,113,41.981170006424065
S066,7.766407308437641,8.160097604029476,56.02902049658079,67,36.584652246795336
S035,5.375387085134613,7.838293393112772,51.235051113058056,86,48.59698573579095
S189,1.6130181747475505,8.317657589925126,65.85508774366112,80,55.83399412134587
S180,7.988229379105897,7.3778673327616575,103.4368073995727,98,38.682665187333406
S038,7.336605593410344,9.843844125299963,73.77374622098787,64,18.71747320771436
S048,4.778120789080256,7.796143091506194,74.97982829193997,88,43.58724565800088
S187,7.160389433251778,7.608364486134332,76.68487760017284,86,37.29796965660375
S196,8.510686253909826,7.849938065499227,75.4827435832801,81,50.24226108833983
S138,2.5475405876526533,9.544308496608537,51.16333286614126,64,42.55886912164763
S049,16.03616996181685,4.610055632626698,83.11232303162778,60,14.862104553385123
S161,3.8391636129746125,9.956092000327317,63.084094090633116,46,37.58916532356072
S190,6.5534012018943875,8.854602134695655,68.1278806670326,107,40.898750297773525
S174,13.778392892075352,9.984207834339045,77.70942169489767,79,46.99900512274456
S087,7.323036282554675,9.424294605316302,46.8220577502782,47,38.51855205143867
S064,15.94524137781385,7.185678618244971,55.51243844851007,64,37.504431387778595
S189,7.459449658903938,6.207575258171187,103.0764028003588,79,27.600300560934972
S169,3.123686518952906,8.670549039886357,36.26470190362004,47,32.58818967454413
S099,-0.27810076229847835,8.691535455323002,65.04223563701646,59,51.3619711203643
S097,9.589344774505564,8.133117695876814,74.32405348166549,34,31.008898475418146
S200,6.71025315094483,6.014908295181754,109.60647171298501,96,52.35834636912509
S160,4.01738622006612,8.619663338369664,75.55363242179266,46,48.6676058069571
S073,8.802669680757534,7.224283269873326,40.7476435026077,81,23.201877239799384
S104,6.913069206260289,9.756727455322379,82.22897680487031,76,28.165507471283675
S076,15.151876824028466,6.260153782778955,87.61729500674961,80,44.69949174439549
S021,8.452036194584197,7.906940808587739,68.86984892997141,55,22.347696412959397
S076,12.55821373468121,9.608519721423473,61.95229282480146,75,33.221848722771234
S165,5.2943679053536385,9.713185490249758,93.04493179312242,81,37.703553909552646
S086,8.655797021563686,10.259931362287215,83.11697477494366,44,50.976900082274724
S185,8.94518639022312,6.517816914434009,38.82880542352529,96,38.882154746169185
S173,7.628428713361405,9.504058988083546,37.143292990403076,43,47.81615365420984
S008,6.132983563153731,5.339747106773981,82.56526024940146,96,28.653372940038246
S100,11.913802408307506,9.033521568922172,103.31975112103686,27,30.430424906069078
S091,13.94213254727598,8.108677090949799,51.834577803211445,101,53.74610886413299
S003,12.937146677537807,9.169328679786553,37.800070634139246,67,28.20786164412074
S130,8.652245024037873,7.0028356626297885,44.40768705461686,108,36.08605385764343
S003,3.3438950847064444,8.42990240130895,53.89965433827078,68,18.827153552176917
S131,6.272423954307399,10.031875018287021,64.38448444790362,89,29.314194474536333
S038,9.459113063614282,7.627558647243264,66.12037147124936,83,44.37077277929007
S058,3.733451233817707,4.16727731581249,98.88252310203896,71,34.62488777681141
S131,13.075033051000215,8.719623945173081,76.94007321958519,47,44.65537072248912
S122,8.161488479271497,8.077183052666134,69.09414197258162,69,14.803399840734023
S030,13.060419258670112,8.36921052556691,74.36600501763297,52,22.023805866175103
S030,0.009756617364494069,7.7080611851970025,51.48749496711155,54,28.381058463394012
S155,6.241504467188562,4.464601418049197,100.12460404387551,29,31.158433292463915
S154,10.43043577063637,8.983362682538313,63.68089377778828,109,29.653727936238415
S006,5.258284566998318,8.308847877189223,52.752408724396,43,26.775081849739017
S006,13.509646152421631,5.542536896696839,81.4242621927825,95,41.921382694184814
S041,6.28036033558622,7.554669949350437,41.28731700957067,64,43.7227241885543
S018,12.309136900571435,5.4161648503364805,86.83531085931469,78,27.4336953204565
S129,12.426846180056678,10.4536514870344,70.53032400143859,63,37.44199718470374
S116,13.236059660850355,6.6838032492741615,73.35237902514166,37,49.416447271277676
S135,6.832834120165918,4.9072048793844205,102.3616614798866,68,27.05749776935387
S001,3.332542192960274,6.314581350175076,52.51099391074098,77,57.717888603110495
S178,9.512294134414988,8.291374043374095,84.58841443132371,63,27.08564738873845
S028,6.9439742978812475,6.694421046277874,88.4341301956232,45,46.056492620761006
S172,13.770610835112496,6.730658096299802,45.77393749164399,76,29.624384881585893
S109,8.085399107643163,4.803640842031048,85.15429070955487,81,54.14245555664596
S088,11.236430225955655,7.7363707706016696,79.16149964087198,78,35.077906176505266
S104,13.357178903933763,9.279195417901217,76.85680616017443,41,43.89134628560852
S096,1.8644318966185283,9.864158368201053,60.138159438205996,74,50.61554085914301
S076,11.530512722708412,10.47497572632769,41.259514240604794,100,33.67654068505717
S065,7.9478387206051675,7.431449635022523,110.20498478889988,61,37.50936541161696
S146,7.352450371604514,5.421290000338523,40.152754411711214,73,46.20681492966326
S070,16.35451872213623,9.584720241062517,33.25895170304621,100,43.353426350901266
S161,8.724343063110963,10.478367133988717,71.64867307293785,59,30.668525790481507
S005,13.613006705521695,7.5773675240133125,82.7949272572425,105,34.009985553801705
S053,3.5512695484977264,6.850643180197654,96.02205162259655,59,41.97535038391794
S099,8.64644366966507,6.440992612539657,86.95020092509087,51,48.51495043855527
S017,7.219638229739696,6.543983448871438,59.343828976221864,86,21.157659782715513
S107,5.515133880124084,6.170146496542344,54.46089895908658,39,37.11254256489547
S086,6.1781461349355205,3.45996290166088,60.38036962221193,49,14.02012031180622
S172,10.316061001787883,7.311849655688919,84.97603385657828,65,37.38940928803736
S092,2.4052711855256854,9.252675330634103,61.91089026394088,36,40.52009226473942
S136,1.7651108272634286,9.849017933330785,47.332548431564504,89,29.904922855843573
S048,11.482926738556078,4.71320932831853,91.66811642198498,29,24.710482640599515
S068,8.17493867319702,7.325188942520035,70.36851455917181,58,29.840568132166478
S020,12.706239813514312,7.130190089544497,68.26766062880239,34,41.405337883397564
S056,3.6674249467244366,6.790232786214906,41.4654537026021,66,32.08114338761605
S041,14.718055960286271,6.692588255830925,62.31950053063413,35,47.654969717305605
S186,0.2939250830007154,8.382084230033602,52.926023853262684,94,44.70657264633306
S164,7.786890225291943,6.021357310537172,105.44819372898075,83,14.684312767576579
S032,10.97099269870993,6.976227689946801,103.74646026007244,69,39.576243706150294
S189,4.952014901229386,10.206538914473128,46.56023027147726,108,48.70414012586116
S032,8.446284442505469,6.422903644660103,59.14764169305569,99,52.316016284158295
S136,2.6609459352148583,8.981437342621163,87.97240613967631,52,40.918374663149436
S133,3.2541895300815082,7.37470350351624,102.27073323279465,108,49.70577061358638
S090,0.005255407511914889,5.7610099808329664,90.86284166926465,55,50.47137993454227
S154,1.227733722026887,5.277465073257675,79.17260784783022,113,60.251117905264806
S177,12.292192647628639,8.244632605621263,61.27296088975001,67,32.10232463391324
S167,9.521010003780992,5.66501551207149,64.65709492772979,58,44.191574253373965
S150,8.98784158718013,7.33626982108373,88.32106772916411,66,26.612328922620907
S157,12.765129461983406,6.8577920658481855,69.62997662871784,100,34.222649509830134
S022,10.522492743452446,9.963544793335833,55.743086251831265,31,33.924949158111524
S091,6.770804257102673,3.3519035651398372,63.869136699348,97,41.38735465139289
S063,13.638166522788605,8.712719772986445,110.1835420809407,58,30.376690232004538
S028,15.207060782447424,8.299618262385698,81.3435933416271,89,58.85270209221278
S073,7.532774154924908,10.778909649702793,51.42079951791331,91,43.51821256190149
S117,8.240333496766713,7.024837104321146,66.27173530202279,54,33.44941541659053
S041,6.075086426729246,8.335047607940412,94.20446364844925,52,32.80061704603528
S094,-0.23768264382008164,8.269380718051789,60.75906239096217,52,44.291089059760104
S080,4.297305857164765,10.036503589221653,71.43827170116747,93,47.796384734356835
S043,14.975183133002197,9.632276585131157,77.0992777389929,38,28.53328107242013
S032,5.18173282871901,8.066544504784256,60.07250496125883,97,36.2440220224516
S106,6.955747577765237,8.607553121306113,85.46608048680511,58,14.721664768371308
S114,5.221919763871918,9.936080463697342,41.94271935213263,109,42.703777636799344
S124,8.948478117129843,6.980062914385386,65.13544787105168,109,51.37763575586497
S115,13.004264793371677,7.622043014328801,107.0555388178598,30,33.881118123442974
S102,0.284707000666363,9.841829436734209,64.87693024569906,80,41.85471314724424
S017,-0.8003776629244599,8.277473149530618,59.38859141523478,74,36.09371330776972
S193,6.210569689105263,9.037553963971188,102.11637983100535,69,26.259691389199944
S183,11.627495592105308,8.813633172927506,49.88884526264682,101,32.36438666061802
S199,10.496476863200664,6.681159585137609,80.91962653249051,65,33.93910326814255
S020,11.528876110218954,4.719349078683259,77.58061620069716,95,25.22088422290806
S067,0.0068787655005362325,7.763213776239273,100.73116797052027,48,46.06655095188108
S154,15.858646392538349,9.764636411134616,94.06229939390234,28,36.53720917538209
S142,8.812856281475915,2.882259677541128,61.028865472630436,100,45.46800519844338
S121,7.67201728722598,8.530841087740635,73.14027774687187,40,54.69220820978962
S092,10.278033022253945,9.153346703192177,98.98938819314705,63,12.534266071931008
S038,6.581286623674013,8.69591582540573,70.65814806873364,80,17.75822429914554
S082,14.214624511992493,7.827616707404913,107.4891082746087,86,56.61656289016079
S088,4.577681320615649,8.97681233831631,73.41459865978207,97,35.406076261682045
S109,8.64680313990829,3.3528946698999875,57.078392887992216,79,28.911996929634864
S008,5.105296496562055,8.945133349701816,104.45939189542419,98,32.56806962025721
S030,0.6526754045994756,7.182565270528754,46.17952959630142,68,35.221082469248124
S049,5.995710578179283,9.838066367959645,67.73044794822943,63,30.00210972115476
S126,5.701964888710808,9.118558527929544,43.46510356561838,76,34.39497826142363
S136,13.615424074272354,9.269096368499662,98.97189363362611,61,48.607866844113005
S068,4.198491637769054,8.413628967045076,53.44437068095219,98,45.19345768626507
S080,11.874579206963855,8.863087787107784,84.15378066053854,103,47.064741960492725
S096,13.883006566307845,10.842451994255821,58.91474166761793,103,35.26446869090967
S114,6.166304390647755,3.6514552914776015,61.72004754758221,78,48.283947960125
S106,-1.0822261315286679,6.1153489794988305,75.7133708545123,55,31.9025478825652
S110,13.502366977966018,6.178007714386749,72.55023703219635,110,49.50279339081132
S066,5.246721357181034,9.744650663981513,66.51593566708895,50,20.901725291378202
S078,6.2838612971982695,6.232487859498714,87.80231010786675,62,43.288191269765335
S065,13.249345742442259,9.079728446605147,40.72227176393318,76,47.759429707661695
S001,6.475723418990375,7.607339171524483,82.27730109718313,75,54.013572878691534
S034,6.141871318898095,5.831325435859325,76.74051422069567,84,46.62644840548885
S107,4.841356510953531,10.073346143237856,49.49560518865988,55,46.07552793092357
S117,11.735006390530708,8.13568301720945,75.45318084725788,64,51.3647952298891
S077,14.08575798911869,6.636352060547386,46.850937172722084,68,54.78250399830922
S159,15.701814989652526,7.712214303034832,54.9594375503274,78,33.62167368263885
S115,4.2204210275009615,7.569237464788845,59.64801972583934,74,44.201135152240596
S103,14.305107219461568,7.104888829415834,83.95254006888895,43,49.98851249547364
S143,11.732503058295752,8.72076782736012,78.96676693731533,55,54.259011925560486
S026,4.415683501628836,7.2424994707654875,50.864675658869274,59,45.19751888517904
S200,12.29054871407321,5.344456291725933,105.84566315232294,42,37.52100910383411
S085,3.9239046335000145,8.628151231356913,32.455412494311105,101,49.21776408518858
S097,2.466523448815965,9.156389221299035,93.68141500407079,64,48.02233652337918
S014,11.467336410490923,8.49289745109476,72.80214201621561,49,31.98305121995687
S078,8.561896644047593,5.595360063501218,40.13869894784361,65,37.70960499751703
S021,8.579567010320007,9.11777076000828,103.23087984523087,62,34.087850007596046
S014,13.286045537660389,9.753235450411132,35.12549599985981,58,58.387451505281135
S084,13.975072148546474,8.67241795389134,65.23033798025995,79,52.15231885006028
S071,0.3598089910374891,10.177159030286372,94.91927334729297,43,42.041689982933526
S190,4.381712169528746,5.446192411114319,81.47577823595103,72,18.338765578823004
S132,2.165326642840083,6.568038068718123,40.29002392572903,31,40.67826821654121
S040,5.439864968098722,9.052724943824705,74.0836885187041,70,23.591036874051813
S133,6.05222358329708,6.971823382082816,73.98861448157949,94,45.980633298904706
S076,13.224634074668547,6.150410562714562,53.219694404894,38,40.69396843891506
S143,3.130635100013643,4.431640099946358,42.572744249376186,102,36.21736757080532
S018,1.3718820916797028,8.785155280267034,43.03086030427211,69,44.18985097184661
S197,3.026783667772242,6.229850050027004,98.83582161097533,96,38.92694516443872
S164,3.4983456004386992,10.414683587477201,52.83620888750647,97,54.09722986772363
S099,12.495425675123558,8.438859489016426,46.32816484270643,52,60.10849488648503
S048,9.195864430759858,7.679003783786233,56.09231811490429,80,18.829518989074906
S167,6.949740151029589,8.077973804210385,106.91502782119983,79,41.52427083978687
S042,6.19546614476769,6.961450502601869,95.42062918747668,62,48.04363275619225
S198,2.93922910607691,8.792272169911861,87.64841143359305,66,44.45302158317501
S099,9.535149343803546,4.387788003763299,103.84376174606682,89,41.90265138766493
S012,8.949639192034772,9.743193467086066,82.18134958704515,79,44.77801862564985
S065,7.278112872335127,5.902178284969713,62.644558333200926,30,35.12036576882417
S101,4.779883144471217,7.736345290972735,59.84891855685598,72,23.807950557784153
S159,14.071867976516003,9.68627371387111,46.73231411757044,27,33.79530471430838
S175,3.364448124231754,9.639378750996636,55.51354601297575,64,41.79751824138383
S061,5.68981403413391,6.104067209720952,56.183941611215666,78,31.8779325548455
S104,14.897891569430831,6.253736592735425,102.8812434344976,99,44.31891152318206
S014,8.322706750311253,6.146057844813028,71.67382582418135,92,20.29228798933598
S057,8.783946428958544,10.04907440451314,47.69178451690654,101,34.05630971680326
S092,13.823708401123262,9.87390935111685,108.5470134777695,102,41.00728879132784
S037,13.897387609046902,5.645932945321265,54.08491292285997,68,44.536289956576404
S134,13.021548176983284,6.045343915309292,45.11024910217348,43,41.120987675191884
S181,5.1801483137915145,8.618315792476954,52.54304052053628,64,30.76286897772163
S116,6.0259218524212,7.874892510892006,92.80605007880916,84,51.4083630731991
S159,14.901967277705442,10.149741158287073,80.02155062098137,52,15.344366217958449
S110,9.766593862851039,10.17409008253832,63.603534092886065,75,27.929942365573233
S100,5.811051505393642,8.026428904917115,101.89572938291451,94,33.14029778294756
S157,13.302943974900018,8.580395521828745,100.63672619915981,55,26.09889906563985
S017,8.711633546420869,4.935859248708748,93.47081149314447,96,37.36566438999101
S001,8.94266092550905,7.765581938392986,92.82729046172382,97,37.06685021449384
S114,12.48320866099768,3.818015063607982,102.9934869997059,90,42.9472609956728
S065,11.991635258433826,10.099898878885268,66.5102706382885,93,53.6097145322604
S091,5.027646487580373,4.237947172241144,74.05046787042173,62,21.67250182318522
S006,10.729914483417677,7.268569792179142,96.73788512363315,35,51.95316186611507
S194,6.225037757608331,7.553053211800201,53.81171495613528,85,43.09990344645025
S132,12.483937033309038,7.344106072519671,67.92207721338102,81,37.11251488758339
S165,8.579532314904002,10.125411987677689,38.48055938318191,94,20.47065764875347
S199,7.790287572911614,8.975727717054856,61.4921111426225,47,31.645720898455178
S159,8.407836020803453,7.4566288066702375,95.44567908870646,98,30.194678258545125
S155,8.294119058156854,8.66662803342895,67.16615947224092,69,47.193918177462656
S200,14.564864361828022,8.24072476825843,94.57641669893121,89,25.96281555216875
S079,4.815611265750579,9.942585630608793,91.99725290326514,110,20.736134712667706
S135,4.4471633046066925,7.3828863582052096,98.96885594788823,77,35.73539853418894
S034,14.68504409300975,8.552839099980282,64.75391426364672,71,56.68283945374884
S110,14.48755385135987,10.362506354445763,56.8182512469031,104,54.06358351294659
S130,15.718271328972925,5.452919013270622,84.14183622356413,94,42.36553517611713
S107,12.141844166741098,9.69417224415014,71.04354150739051,100,33.961644275619534
S069,6.041776731658601,7.55738305718885,49.049545370060194,92,53.15961790811103
S039,12.066573472749633,6.58696358107275,90.1218477375758,93,39.5761885335015
S156,2.893836862596428,10.32979688418084,82.78045188383152,37,36.44815313317835
S016,1.3971129871048,8.240445405121967,81.43003829179659,50,28.385577912315533
S076,5.782141376659439,7.769626953824301,81.16961551707196,86,27.214110864121125
S127,7.037079578643137,8.4388542305238,42.320289933142256,106,21.50798568693008
S068,16.360335048699817,9.811788537161467,102.33158623669452,78,27.15770432001805
S095,14.679604777157344,7.829519853053735,42.22699201240681,72,28.383298052409174
S182,7.978921559919398,6.150391139683131,90.02968549698585,84,31.028314197395733
S171,7.445316305263773,6.2810855098923,108.78564275412211,102,20.176494930596938
S088,-0.44378424835522345,7.72098211321377,83.37552800988708,48,47.29481866262422
S095,12.99087952314405,5.8012818619246795,70.14231047594687,94,53.96037159220289
S173,7.158333191916768,10.217290016960195,56.38859303117515,64,35.63680265550473
S175,5.677900496925097,6.3310005109929826,73.07002412192193,49,22.548125236678963
S022,3.388298019344239,6.863620225475936,85.51919838750128,62,25.349404469182673
S161,2.1448020009022493,6.616497501737597,78.23265486721026,97,27.504544170953416
S082,10.605553425090003,10.008704728000161,61.40516129901199,87,48.99053028777337
S146,3.050083829902783,8.846565054567456,35.706008152617,89,24.991895675726447
S043,8.261443911218764,5.018981822678182,64.207488370317,101,28.015812914406478
S078,3.852805980358701,8.667517221668842,75.95978121486878,53,45.44207211054037
S141,7.274333785679012,4.771325014399552,52.72727190922772,71,46.90180921598869
S183,13.564914387000329,4.991102928727848,62.109528132138735,58,46.84973396748915
S165,11.866323642347123,7.638486457945546,56.783983801532564,95,49.674577899825614
S040,4.255366585801934,9.48828698538599,71.67128364746455,96,50.754912378557734
S045,10.758534773847488,9.328275535954543,53.773802867542344,97,29.138445681862244
S009,4.847325870091521,6.658431465491486,42.393667862319774,35,12.2409566259923
S047,10.556127137499848,8.036120615475822,86.53621004607324,81,53.89437331687701
S066,9.483603281803951,8.74169479896709,58.48408288418266,88,21.77266858486454
S017,8.071591216452031,10.319827330875931,90.0143826965093,51,49.58504259382353
S124,12.810429652948253,7.386779837596876,61.795506796781034,109,27.81428462639242
S128,7.503387849654516,9.349010001005412,55.22731026720809,65,27.167532173268036
S116,8.424730215441407,8.424983927389595,38.87448900997059,58,42.490840455255295
S037,7.371208133915976,8.563703694456004,63.31588595435805,42,32.76610387199083
S031,3.3048039742872763,9.43156385406919,79.67039302565412,61,24.170007002074442
S120,6.393768373484075,8.496349445736035,74.01244012895192,65,39.35791273322775
S072,8.266253489198919,7.223297948646108,77.63073384943444,53,19.685256237514366
S104,15.120709865376426,7.450160403481141,53.62680162350061,76,27.286654944394932
S122,14.946124169022722,7.6360004483995025,51.86629532987654,59,51.33700864706889
S033,6.526943698953404,9.491863491987422,66.24650614946806,60,43.19745413246084
S126,15.100414925853482,9.581306884910532,69.91647886624563,106,54.13179749528891
S014,5.528097216067201,7.365886108808501,92.21736615962897,89,29.706861197522937
S194,4.528940045798552,6.992869584502614,55.67658102409557,80,43.07008411638153
S200,2.8073106775920755,8.213732651257672,69.61444522801342,58,39.66524796278391
S110,5.354420850177728,7.9921551931373065,75.73332516921526,49,26.453799579111884
S162,5.753276083464759,9.069159516593022,58.434633871660125,91,23.141145201938812
S146,8.28791459670815,9.00158249068984,100.81582039447198,44,48.054506433840686
S149,8.020062543755817,9.352800413941628,60.09735347413411,61,40.748335762061586
S163,6.454541571488313,8.3976712252428,114.17832082179126,84,47.230441862340186
S021,13.486947868379197,3.5088657571536412,100.91597784834019,48,40.60208946725609
S024,14.100940637973745,7.986622961676557,64.24249157052473,103,53.260412555550516
S156,5.664780368142996,5.641131895828529,101.49313158170773,72,45.717947491494215
S144,7.6200226204685375,10.228194393075778,78.188002841683,73,51.197256005068546
S010,3.025587349724964,9.582225063448897,54.9988552417964,82,18.69585419341776
S162,5.078402257134365,7.159478567411622,85.94896213123825,108,47.37862958096103
S096,5.814329076376569,8.336263675522444,98.52350855081613,103,47.74016757395938
S033,7.965756697572668,6.617481742080591,54.51190779537588,54,41.56694606743401
S139,5.30205224613082,9.335581914237967,54.55165171665315,58,51.20421137628684
S030,9.784322119302042,7.701528069235982,64.97871180588729,110,20.064936305849535
S009,6.12609200636537,10.173827066455019,89.7580054859851,104,49.14658552514751
S083,6.829976501680163,8.508394960477286,70.40816758262012,91,18.16747399305169
S165,14.364355897867778,8.883792530243817,49.861403914459785,56,42.33607084459058
S085,5.422818815881655,10.183067015339702,80.64902708903348,108,51.7238276669093
S107,10.364783284977042,7.765074070888952,45.64059985525701,55,21.78757602277914
S113,14.736134269964186,4.71975098602594,86.74699567351901,83,47.57316925937573
S038,14.785094725211561,9.87466328178122,97.7924454067292,70,35.55484578690315
S047,10.523566416600502,9.888298598884118,88.8103763306436,65,16.548515047027976
S117,14.915216045477237,9.419674173613732,67.39407664646725,66,22.025366522364486
S066,9.303085841595774,9.970479784861855,80.66562242613433,102,44.452475422725676
S176,13.515370608109524,7.601396823364999,75.80220626301818,59,27.72987174746102
S114,5.834231808432477,9.850775092935978,59.803438879366055,44,39.35043339206027
S171,4.906628846048281,4.7358319547556365,80.83434575759853,68,46.06005847406858
S122,5.6542880591090565,10.110247409467366,82.62632328764724,101,37.38885808283428
S009,1.689645056884662,9.391492677033224,68.1399051304595,70,50.28914620803683
S097,2.122963875537907,9.648511335179721,41.468843449064686,81,49.08031141564602
S146,4.662812910362719,9.324086575003369,82.83612007429304,104,50.496966076988855
S029,5.825761704690132,8.140998232965863,59.821138574001594,53,26.493201382420406
S044,3.7861284001127093,8.534566661176482,78.59165536808278,59,42.22727061792644
S025,14.276351016984474,3.985466174555432,71.59308127099698,98,11.945282681819332
S109,16.232499224101915,7.133351495310705,104.82375682004658,86,52.89597903761324
S136,-0.2858415073541094,9.874997081747857,84.06331133339819,107,45.545691501936716
S106,3.653898530487596,4.2656518372618955,57.00343636091493,99,50.1124190446875
S107,5.6270564022526255,7.677171298645258,81.45614571606,35,41.74392327565344
S099,10.452380429718492,6.278192517672176,103.78889981154083,24,12.684635216395403
S198,15.046978701500741,9.566548536687005,82.11337394740397,45,20.403558088747182
S132,6.357065330227369,8.343205130412734,98.29914225341226,52,46.44612391535002
S144,8.933102719268035,4.36625523591116,50.53681184823782,53,37.63155190856796
S184,1.5811679403817844,8.854916912636796,46.43815184345844,54,39.49521028354744
S028,6.298600996831766,6.510858649571048,91.14138564913422,53,41.86007150065295
S110,3.0868780198758983,6.021825727915011,60.293330582036354,94,41.77804717230989
S100,4.162086154912227,7.9202526455157765,63.72798834920722,109,59.01302372126602
S161,7.3089337286191896,8.085707583629173,104.85849303278283,46,56.335181267284554
S152,0.6028119815058584,6.322355093181479,58.84852486317482,105,25.034169561155352
S032,5.7483438632870545,8.795106634614857,99.26171208293263,76,23.94150701355979
S071,13.224757351972947,7.08482150703801,50.03065060743908,106,26.686169075866264
S061,9.025360117982915,4.920724032201792,55.46884777370644,50,38.14258337825811
S186,8.301928824237429,9.127412640633612,92.40776948190887,89,15.422129039715195
S078,12.193323777172461,8.354566949660677,61.74905114897462,98,19.06188885086585
S072,5.113152833280429,6.267402820629753,87.68277342806027,63,48.155066736281036
S001,6.877212412720715,5.734096945558492,61.794171620446576,25,31.23047762939443
S189,12.573531530161539,7.99544164814444,78.42752479585498,68,11.995259279456672
S079,14.240188154794822,7.891961040672301,60.853677951991,26,30.053445828275812
S068,14.377567824146304,8.604608685518219,82.45746688009133,94,52.2481282154948
S133,13.262415026016075,6.225191665725488,83.10220279846914,61,34.15518705350807
S032,4.738394179634034,10.050943684326306,82.38632462622735,66,38.00953696064503
S067,6.502171459371487,4.033473064404777,68.58449568199467,46,22.37529485271295
S143,9.832338097998413,9.398903950813013,38.37460602854321,78,19.784767827037534
S033,0.31187463137492166,8.925847393602059,99.16261589885815,62,24.787504790052452
S197,16.26326328796218,7.536651747233556,75.40042365520893,100,25.505729550105407
S124,11.713758130808166,6.020765779995589,75.67012123496207,57,42.12182134807226
S056,9.988570826618611,2.4987522593150446,38.551749765540144,85,32.58879415804978
S104,13.531610621738675,7.5441368914032205,103.36966920563236,62,28.092830517702637
S156,8.158355444252097,9.932039014895807,72.70248569150861,82,46.8953223016829
S084,15.774214191848479,9.71780418436346,105.55429448103177,56,38.43820385458429
S108,4.3293653810900405,6.081492682999398,74.60505205773491,93,41.776557359959206
S079,14.049474488857228,4.363486273127647,61.3862379490294,107,42.10297078865592
S152,6.886967384246239,9.773375202809115,57.61914495064782,46,28.022485613712497
S072,7.277190736598634,8.653935998450947,37.1917119614798,64,49.19391325760468
S135,10.45623626985058,9.543015913395264,107.15530941874935,100,40.08289131133901
S121,12.535897472460249,5.217135023029744,72.41061963781634,57,13.139394824381771
S116,8.111991498447411,7.976562070641051,37.608439630554734,73,39.554302510969634
S121,3.250415453015914,7.990712537117117,99.20232968236562,64,22.207999812383882
S103,6.763977945840523,5.57557375390823,90.88058491998616,83,39.57220817486945
S200,10.226320908937174,7.358781885271996,66.0385946856619,94,44.66730376739158
S163,12.732638839910408,6.317978545437703,48.05409648329795,88,29.66359934518063
S188,3.1180148282509634,7.388758631234712,111.16603999065639,88,25.208847142397076
S022,6.849337566743298,6.630285635208782,41.3113001315686,85,37.15562324831334
S137,7.330059357383192,8.258096244371458,70.11879768304144,54,27.030109076382246
S003,13.939832787907678,8.12798540707472,44.046329048860116,63,42.43512127499155
S050,2.2801748452422954,7.026123377343268,77.51278048542336,53,53.94889926094709
S151,14.181796379855482,6.2099422986379285,114.90809601709941,96,41.34826676636845
S117,4.390303246190081,8.515009732665451,63.478626478594784,29,56.54555014670154
S039,6.380791864173294,4.796168999443706,91.72527746216734,58,42.4160159916016
S100,-0.711437392829128,9.861754459728996,58.540966480339776,64,36.19752659624593
S096,5.816338107715552,8.525955810913853,54.596246760779024,76,59.939894801000655
S158,12.851841760531851,3.9524064400005297,76.25929892644558,73,41.951025852940695
S033,6.047289367554214,8.693562215558783,35.461558355527046,71,38.516409870544706
S025,6.509252793882351,5.922535876140442,97.59060837770879,29,26.155160980521416
S167,5.75017793003861,6.219107463275607,46.13933770347985,98,54.65093575984139
S154,1.9516638035762828,9.460619083493874,41.32082452019833,68,42.63556138902523
S120,1.8306973140556146,8.315301260409637,63.82861695815595,100,54.63542604436424
S177,8.11922324407324,8.41554561901789,48.733892826216945,87,30.131027290164532
S134,5.534101859697005,10.719134946526616,73.91240358797893,58,43.71529791440257
S150,7.706642151370298,7.089878622258576,71.20343596216368,89,54.55655019477669
S184,14.052064729230153,10.071063500178335,81.64283412571689,39,49.890701679741795
S049,12.52950216709019,8.522800258078567,105.57184430526397,87,39.34634059620364
S181,12.787196132010257,7.398714329554704,70.99709632144861,87,50.49710625102725
S160,8.094712493041351,10.04193693815804,78.68453507204761,40,48.05864451961708
S167,14.481828305444374,9.57125703670954,51.48503540360082,80,24.92236146081793
S167,7.79143856240349,6.326979316937431,79.48155725412425,104,23.30756864348462
S085,15.990243261842139,9.843569220450728,86.29341449829022,45,45.71362534677293
S076,5.667028950122835,8.704606970564445,56.259160884150646,35,36.47446142256608
S032,11.370628435313034,8.664932695406618,53.96900623019349,32,37.703126805758394
S019,6.314135373427229,8.911250366787066,97.80323513908031,65,48.93195481413039
S184,15.415895717619911,8.747700820613362,34.41107364411338,100,54.4523391650135
S129,3.768038304893354,8.35958858148753,93.69762629826306,46,28.423508367066766
S015,6.032692303101223,8.716127550563643,109.53368715159851,115,45.97670377370579
S016,5.710041090790902,7.92792536354683,63.15784336777205,73,20.27860388461091
S006,6.169948032819436,8.270029913260874,58.10200596449917,42,12.375820571377727
S030,3.655962168682504,4.311175567246795,45.19969313607773,59,13.612241308448052
S098,10.410831491030516,8.712992391534538,52.17997147272393,72,19.499768454412568
S178,4.718709735846533,10.26529849994255,86.9970553308004,64,33.956285721461505
S018,3.5616343912839854,6.058933492863609,55.304949157146666,89,30.295174922014034
S091,3.7118365205866235,7.034195300700859,81.51671199247653,88,43.111094513563856
S101,14.987344132068879,9.360947419428701,78.44314593829004,59,22.47750116283247
S112,14.81073215358537,4.518282917627198,108.74633736746375,38,35.6025829710982
S009,7.821167699034932,9.327577939750295,39.40201116990605,90,46.029802596445734
S152,15.301365938080977,10.185553047748757,95.49629126060748,77,37.957655254992844
S088,7.132763128659415,9.73134439133888,33.988418674265475,92,49.560108510908094
S168,8.213528847756718,8.146810170508244,111.76983787166935,77,39.69116781939394
S146,6.345065505527634,10.25909969738404,63.753700567024495,44,53.541507664964435
S086,7.4291501711147525,5.415375940297446,71.60931910565881,30,53.72742569933392
S004,3.4722660099321163,7.315057473368296,76.81038567611708,52,44.6186075223974
S068,13.561497102336194,5.733568331301798,58.8818409634558,77,44.43255532757595
S134,15.606866431941658,5.629575649531526,91.06602153601526,65,13.36428654723873
S015,8.80048868369878,3.5851054449726636,80.41800560903089,66,49.025661414927576
S157,15.352569441631744,4.456270913605852,111.23748883207304,78,26.43397655367351
S101,6.426668024293624,6.007318689912941,88.11268253437987,33,32.83510294525119
S108,7.188221882517833,6.402426461819017,61.344034285908776,101,46.16994828710163
S142,6.007399251645597,9.969078373714256,99.20458335855598,92,45.70917279307698
S143,8.086141269201708,6.4155260736595565,62.56432216238495,105,46.884654907037486
S017,10.529316449263467,7.683342017338926,78.47311818262385,82,45.181099138710664
S044,6.614074208088223,7.517513417598495,85.93802944645745,92,45.763058097137915
S093,4.054630059789938,5.303866445373966,85.07854374889092,48,38.25273633650852
S127,6.8420859061547485,10.432992652825286,61.80361189552333,57,54.28157305267279
S096,9.659390076869549,9.928673945423927,46.04537971426937,95,37.259722433147346
S054,7.0095891723530475,8.453607045898567,53.856240093873666,74,47.97948123143105
S072,4.073235639980382,9.342694139828467,68.42928086779452,45,49.71319414668622
S159,4.579224088955476,8.298225904990618,65.39615272114537,57,22.066541332072987
S142,5.3885944066901015,7.846018082161579,39.60599515526837,65,39.150612797449796
S143,2.295418658114433,7.5790589524606915,43.54142041639225,69,33.260745975807794
S158,15.202795074014313,9.527722936512845,67.9864115386754,86,30.608642255822666
S198,10.754173189754914,9.463030856841858,72.61098419012386,43,53.57518640326078
S150,6.151046662246395,7.70263437508188,57.79829790184291,63,46.95781126128196
S089,3.1737296456701767,7.085835710224311,48.11362914332398,64,52.6662600713089
S122,16.521106508162667,6.089236128191012,115.03131946273305,66,45.99957777846939
S077,7.654576549392086,8.941475999492027,67.09193458200141,105,53.622233122345094
S162,14.153789760068364,9.11152970660468,55.334563785543295,77,19.330200027259156
S039,8.854693721688466,5.64317534972413,61.03718447802172,26,10.478371763503034
S094,4.94558852429394,6.904910458280467,37.74008049149579,93,28.58182856325017
S123,7.081484755451086,5.16241652394797,74.33761228096154,101,54.35305699102567
S045,12.19897115299647,9.934929996963017,84.61282106068163,62,54.11754321699918
S176,1.4743931569538211,3.4839260064433506,69.95668848787881,88,30.952727156858337
S193,4.9462747454250096,3.668052488717605,47.70247781642362,71,54.33153494822435
S141,10.815084104381475,10.55332049899025,95.45618500398123,98,44.23243644571361
S054,13.706304480938002,5.801880168406517,46.33423100514705,52,24.695973333197028
S023,13.770381284269817,9.176567383556192,47.56424673291262,71,30.402358100087497
S015,12.955963706388452,8.306930950860272,77.70973662725947,80,45.739853453197895
S159,-0.8573435806666501,7.264319604083402,106.89615164389801,85,38.20000435895679
S106,6.21698066618837,8.115354096255032,68.51673927264054,103,41.11886150186257
S159,11.261795830234895,6.7387585526956375,58.49722089841626,105,33.94867701573093
S173,10.775155482907087,8.534808963371443,71.12851723913953,25,41.61881338193424
S078,14.893040772817058,8.926958353052662,42.40759017116359,95,36.987764673416876
S055,12.54994895969116,8.152727643711312,58.04385716561317,32,51.17833017545459
S084,10.96770270612831,5.022155994237758,83.85144647284255,71,32.3425730588229
S048,15.698789736262924,5.4596491522143795,79.78637767613435,95,14.147660842003365
S182,6.369843496861629,4.124642460527231,65.09453503888706,73,48.80120421344236
S193,3.8024345244857107,8.168728322249024,61.166591306773576,82,53.95084889044918
S149,13.429917709125364,7.671592487143434,55.48033239450773,37,44.422256916192296
S181,6.015458198469455,9.717535864061512,96.42178596240933,48,51.30465618697708
S192,2.5359991404855147,7.929120924713293,52.41181244016895,80,25.25918969919315
S127,14.317748736241533,5.805278989668535,79.90754045839361,62,44.03760364195797
S038,1.4488551921838755,3.3078818186574335,62.21224779761526,107,49.87691643915296
S158,12.46339317754311,9.425794510317072,76.41029862563005,87,45.96403262469299
S032,1.064140719540175,8.05709357603025,94.87894977858187,78,25.63637211893016
S038,5.608885398063078,4.372097857271497,76.3947791238996,110,49.27581219869448
S083,4.578837608323862,5.221226270127938,83.16309587075281,89,15.281800225815111
S056,7.317249175747808,6.995593117874232,90.27145586771907,110,37.45757694501333
S148,14.703040690144903,10.2881849230797,107.53978133136107,44,29.617029720937662
S186,13.518017055376024,6.8537115792334316,63.41059752058633,72,24.63810899591899
S087,14.93941382165253,8.878145915136965,59.99150000824862,35,22.388569162376633
S166,15.699888562861481,8.196567308055547,108.94722927625304,71,24.211225225779874
S158,11.284521722358079,7.849801027466691,88.47486281749195,61,50.90377207621864
S200,12.696162219122655,8.243487763187746,37.87080068055812,68,56.69208551274451
S028,14.663333117630128,6.442142663351326,68.52544542597055,65,36.112243835196026
S115,7.48293139314642,2.786830998590746,72.32576066223018,87,43.123314477390565
S088,14.259875784590605,6.908903254593714,74.56079626431594,86,39.56521991499675
S012,7.753276986143852,8.94820522391533,79.16734187278215,31,36.091528990274725
S118,7.167295534897765,7.605290274028382,43.04682939605293,74,36.85204481110229
S028,6.510873670752948,7.248993704464548,88.15564616391497,48,36.32305646303469
S030,14.743034020395928,8.204779633166229,43.67343220918527,76,42.909848553467484
S058,9.013613032207498,6.23233059531332,93.6697363528898,70,37.03910597023655
S076,2.4223540747398995,4.09273017890608,76.28824749443896,77,27.86618899225619
S071,12.112501098169298,8.14978888609328,68.69002741313453,80,52.990211819739315
S100,7.466841959107832,9.502722873696543,85.92615381704324,39,37.66584549983669
S197,9.937608177910107,7.773828535157776,116.01007810588519,99,41.51005588372449
S011,4.902400473338662,7.610035063515301,64.74551846570577,99,45.325548640661346
S111,4.688839834979358,10.601849709920556,86.1651834405651,68,46.37016228777982
S112,14.806912446456298,6.376903750561803,83.5563827140936,96,44.898205508691724
S124,7.853038342843558,8.441229194423409,65.47408962975105,52,42.78627038249803
S106,14.586787358134046,6.50731866591034,80.96764219965351,55,37.15580085720401
S115,2.002586755064919,4.550652291134426,63.77332726086486,74,42.348560857044134
S003,5.565123841763434,8.112479849912177,70.74492344408334,51,51.14337358174069
S138,1.4505855418576248,7.938139345306761,72.7973667704889,63,52.9686912758461
S129,1.6558115812940721,6.967976520579727,77.98506887879394,90,49.995769422253275
S159,9.660174879633772,8.868624293951669,81.22632273093919,58,35.59579704816303
